"Country","Station","Status","From","To","Length","Missing"
"afganistan","herat","OK","1963","1990","28","16"
"afganistan","kabul","OK","1961","1992","32","12"
"afganistan","mazar_i_sharif","OK","1964","1992","29","11"
"algerie","adrar","OK","1965","2011","47","4"
"algerie","alger_dar_elbeida","OK","1923","2011","89","3"
"algerie","beni_abbes","OK","1931","2011","81","25"
"algerie","constantine","ERROR","NA","NA","NA","NA"
"algerie","el_golea","OK","1930","2011","82","3"
"algerie","in_amenas","OK","1963","2011","49","8"
"algerie","in_salah","OK","1964","2011","48","4"
"algerie","oran","OK","1908","2011","104","12"
"algerie","tamanrasset","OK","1940","2011","72","2"
"alpene","andermatt","OK","1966","2006","41","2"
"alpene","basel","ERROR","NA","NA","NA","NA"
"alpene","davos","OK","1901","2006","106","2"
"alpene","engelberg","OK","1931","2006","76","2"
"alpene","geneve_ecad","OK","1901","2009","109","1"
"alpene","geneve","ERROR","NA","NA","NA","NA"
"alpene","graz","OK","1894","2009","116","1"
"alpene","hohenpeissenberg","OK","1781","2009","229","2"
"alpene","innsbruck","OK","1877","2009","133","9"
"alpene","kempten","OK","1952","2009","58","1"
"alpene","klagenfurt","OK","1881","2009","129","4"
"alpene","konstanz","OK","1972","2009","38","2"
"alpene","kredarica","OK","1955","2009","55","1"
"alpene","kremsmunster","OK","1876","2009","134","1"
"alpene","la_chaux_de_fond","OK","1901","2006","106","1"
"alpene","lugano_ecad","OK","1901","2009","109","1"
"alpene","lugano","OK","1949","2009","61","1"
"alpene","luzern","OK","1931","2006","76","2"
"alpene","munchen","OK","1781","2009","229","2"
"alpene","neuchatel","OK","1901","2006","106","1"
"alpene","saentis_ecad","OK","1901","2009","109","2"
"alpene","saentis","OK","1883","2009","127","1"
"alpene","salzburg","ERROR","NA","NA","NA","NA"
"alpene","samedan","OK","1901","2006","106","1"
"alpene","san_bernadino","OK","1968","2006","39","1"
"alpene","sion_homogen","ERROR","NA","NA","NA","NA"
"alpene","sonnblick","OK","1887","2009","123","1"
"alpene","st_bernhard","OK","1901","2006","106","11"
"alpene","st_gallen","OK","1931","2006","76","1"
"alpene","wien","OK","1855","2009","155","10"
"alpene","zugspitze","OK","1951","2009","59","1"
"alpene","zuruck","ERROR","NA","NA","NA","NA"
"antarktis","casey","OK","1957","2010","54","0"
"antarktis","davis","OK","1957","2010","54","4"
"antarktis","dumont","OK","1950","2010","61","5"
"antarktis","faraday","ERROR","NA","NA","NA","NA"
"antarktis","farad","ERROR","NA","NA","NA","NA"
"antarktis","far","ERROR","NA","NA","NA","NA"
"antarktis","halley","OK","1956","2010","55","0"
"antarktis","mawson","OK","1954","2010","57","0"
"antarktis","mcmurdo","OK","1956","2010","55","2"
"antarktis","mirnyy","OK","1956","2010","55","0"
"antarktis","neumayer","ERROR","NA","NA","NA","NA"
"antarktis","novolazarevsk","OK","1961","2010","50","0"
"antarktis","rothera_point","OK","1946","2010","65","8"
"antarktis","sydpolen","ERROR","NA","NA","NA","NA"
"antarktis","syowa","OK","1957","2010","54","5"
"antarktis","troll","ERROR","NA","NA","NA","NA"
"antarktis","vostok","OK","1958","2010","53","4"
"argentina","bahia_blanca","OK","1930","2010","81","5"
"argentina","buenos_aires_aero","OK","1951","2010","60","3"
"argentina","buenos_aires","OK","1856","2006","151","1"
"argentina","catamarca","OK","1930","2010","81","5"
"argentina","ceres","OK","1931","2010","80","2"
"argentina","comodoro_riva","OK","1931","2010","80","2"
"argentina","cordoba","ERROR","NA","NA","NA","NA"
"argentina","corrientes","OK","1931","2006","76","4"
"argentina","la_rioja","OK","1931","2010","80","2"
"argentina","rio_cuarto","OK","1931","2010","80","4"
"argentina","rio_gallegos","OK","1931","2010","80","7"
"argentina","rosario","OK","1941","2010","70","2"
"argentina","salta","OK","1917","2010","94","3"
"argentina","san_antonio","OK","1931","2010","80","5"
"argentina","san_julian","OK","1951","2010","60","17"
"argentina","santiago_del_estero","OK","1931","2010","80","6"
"argentina","trelew","OK","1901","2010","110","3"
"argentina","ushuaia","OK","1931","2010","80","7"
"arktis","alert","OK","1950","2009","60","2"
"arktis","angmassalik","OK","1895","2009","115","2"
"arktis","barrow","OK","1901","2009","109","17"
"arktis","bjornoya","OK","1920","2009","90","1"
"arktis","cambridge_bay","OK","1929","2009","81","11"
"arktis","clyde","OK","1933","2008","76","12"
"arktis","cokurda","OK","1939","2009","71","8"
"arktis","danmarks_havn","OK","1949","2009","61","4"
"arktis","dawson","ERROR","NA","NA","NA","NA"
"arktis","egedesminde","OK","1949","2009","61","2"
"arktis","eureka","OK","1947","2009","63","3"
"arktis","fairbanks","OK","1929","2009","81","2"
"arktis","gmo","OK","1932","2009","78","3"
"arktis","hopen","OK","1945","2009","65","1"
"arktis","illulisat","OK","1873","2009","137","2"
"arktis","ittoqqortoormiit","OK","1954","2009","56","2"
"arktis","janmayen","OK","1921","2009","89","1"
"arktis","khatanga","OK","1929","2009","81","6"
"arktis","kotzebue","OK","1897","2009","113","31"
"arktis","mcgrath","ERROR","NA","NA","NA","NA"
"arktis","mys_smidta","ERROR","NA","NA","NA","NA"
"arktis","mys_ulen","OK","1918","2009","92","15"
"arktis","nome","OK","1906","2009","104","2"
"arktis","nook_nasa","OK","1881","2009","129","3"
"arktis","nook","ERROR","NA","NA","NA","NA"
"arktis","nord","OK","1952","2009","58","25"
"arktis","ostrov_dikson","OK","1916","2009","94","3"
"arktis","ostrov_kotel","OK","1933","2009","77","5"
"arktis","ostrov_vize","OK","1951","2009","59","1"
"arktis","resolute_bay","OK","1947","2009","63","2"
"arktis","scoresbysund","OK","1924","2007","84","67"
"arktis","svalbard_lufthavn","ERROR","NA","NA","NA","NA"
"arktis","tasiilaq","OK","1895","2009","115","1"
"arktis","upernavik","OK","1873","2009","137","2"
"arktis","vrangelja","ERROR","NA","NA","NA","NA"
"aserbajdsjan","lenkoran","OK","1882","1990","109","11"
"atlanterhavet","azorene_horta","OK","1917","2008","92","6"
"atlanterhavet","azorene_santa_maria","OK","1961","2005","45","7"
"atlanterhavet","base_orcadas","OK","1903","2009","107","1"
"atlanterhavet","funchal","OK","1946","2009","64","2"
"atlanterhavet","gander","OK","1937","2009","73","1"
"atlanterhavet","gough_island","ERROR","NA","NA","NA","NA"
"atlanterhavet","gough","ERROR","NA","NA","NA","NA"
"atlanterhavet","grantly_adams","OK","1951","2009","59","5"
"atlanterhavet","grytviken","OK","1905","2009","105","16"
"atlanterhavet","halifax","OK","1953","2009","57","10"
"atlanterhavet","nassau","OK","1881","2009","129","10"
"atlanterhavet","port_stanley","ERROR","NA","NA","NA","NA"
"atlanterhavet","sable_island","OK","1897","2009","113","3"
"atlanterhavet","st_helena","OK","1892","2009","118","7"
"atlanterhavet","st_johns","OK","1897","2009","113","10"
"atlanterhavet","st_martin","OK","1951","2009","59","16"
"atlanterhavet","tenerife","OK","1947","2009","63","8"
"atlanterhavet","torshavn","OK","1890","2009","120","1"
"australia","adelaide","OK","1881","2012","132","2"
"australia","alice_springs","OK","1881","2012","132","2"
"australia","brisbane","OK","1887","2012","126","3"
"australia","broome","OK","1939","2012","74","2"
"australia","cairns","OK","1907","2012","106","3"
"australia","camooweal","OK","1907","2012","105","12"
"australia","canberra","OK","1939","2012","74","1"
"australia","cap_leuwin","OK","1897","2012","116","1"
"australia","cap_otway","OK","1865","2012","148","15"
"australia","carnarvon","OK","1945","2012","68","4"
"australia","connamulla","OK","1907","2012","106","5"
"australia","darwin","OK","1882","2012","131","1"
"australia","dubbo","ERROR","NA","NA","NA","NA"
"australia","echucao","OK","1881","2012","132","9"
"australia","georgetown","OK","1907","2012","106","11"
"australia","geraldton","OK","1941","2012","73","7"
"australia","giles","OK","1956","2012","57","3"
"australia","halls_creek","OK","1944","2012","69","3"
"australia","hobarth","OK","1841","2012","172","26"
"australia","launceston","OK","1939","2012","74","3"
"australia","mackay","OK","1951","2012","62","4"
"australia","meekatharra","OK","1949","2012","64","2"
"australia","melbourne","OK","1855","2012","158","9"
"australia","perth","OK","1885","2012","128","23"
"australia","port_hedland","OK","1948","2012","65","1"
"australia","richmond","OK","1908","2012","105","11"
"australia","sidney","ERROR","NA","NA","NA","NA"
"australia","willis_island","OK","1939","2012","74","1"
"australia","wilsons_obs","OK","1881","2012","132","3"
"bahrein","bahrein","OK","1902","2009","108","16"
"belgia","ostende","OK","1953","2008","56","1"
"belgia","uccle2","OK","1881","2010","130","1"
"belgia","uccle","OK","1833","2008","176","1"
"brasil","belem","OK","1949","2009","61","4"
"brasil","brasilia","OK","1963","2009","47","1"
"brasil","conceicao_do_araguaya","OK","1960","2009","50","2"
"brasil","corumba","OK","1950","2009","60","14"
"brasil","cruzeiro_do_sul","OK","1960","2009","50","13"
"brasil","cuiaba","OK","1901","2008","108","2"
"brasil","curitiba","ERROR","NA","NA","NA","NA"
"brasil","manaus","OK","1928","2009","82","3"
"brasil","porto_alegre","OK","1949","2009","61","4"
"brasil","porto_velho","OK","1957","2008","52","8"
"brasil","quiexeramobin","OK","1896","2009","114","6"
"brasil","rio_branco","OK","1975","2009","35","4"
"brasil","rio_de_janeiro","OK","1883","1989","107","1"
"brasil","salvador","ERROR","NA","NA","NA","NA"
"brasil","sao_gabriel","OK","1931","2009","79","8"
"brasil","sao_paulo","OK","1887","2009","123","2"
"bulgaria","sofia","OK","1951","2012","62","1"
"bulgaria","varna","OK","1960","2012","53","4"
"burkina_faso","bobo_dioulasso","OK","1941","2010","70","2"
"burkina_faso","ouahigouya","OK","1961","2010","50","3"
"burkina_faso","ougadougou","OK","1941","2010","70","3"
"canada","alert2","ERROR","NA","NA","NA","NA"
"canada","alert3","ERROR","NA","NA","NA","NA"
"canada","alert4","ERROR","NA","NA","NA","NA"
"canada","alert_august","ERROR","NA","NA","NA","NA"
"canada","alert_februar","ERROR","NA","NA","NA","NA"
"canada","alert_januar","ERROR","NA","NA","NA","NA"
"canada","alert_juli","ERROR","NA","NA","NA","NA"
"canada","alert_juni","ERROR","NA","NA","NA","NA"
"canada","alert_mai","ERROR","NA","NA","NA","NA"
"canada","alert_ny","ERROR","NA","NA","NA","NA"
"canada","alert_september","ERROR","NA","NA","NA","NA"
"canada","alert","OK","1950","2012","63","2"
"canada","baker_lake","OK","1946","2012","67","4"
"canada","calgary","OK","1884","2012","129","2"
"canada","cambridge_bay","OK","1929","2012","84","11"
"canada","chesterfield","OK","1921","1980","60","4"
"canada","churchild","OK","1884","2012","129","31"
"canada","clyde","OK","1933","2012","80","13"
"canada","coppermine","OK","1930","2011","87","10"
"canada","coral_harbour","OK","1933","2012","80","12"
"canada","dawson","ERROR","NA","NA","NA","NA"
"canada","edmonton","ERROR","NA","NA","NA","NA"
"canada","eureka2","OK","1947","2006","60","3"
"canada","eureka","OK","1947","2012","66","3"
"canada","fort_chimo","OK","1941","2012","72","4"
"canada","fort_nelson","OK","1937","2012","76","2"
"canada","fort_simpson","OK","1895","NA","119","14"
"canada","fort_smith","OK","1928","2012","85","1"
"canada","frobisher_bay","OK","1942","2012","71","2"
"canada","gander","OK","1937","2012","76","1"
"canada","goose_bay","OK","1941","2012","72","2"
"canada","halifax","OK","1953","2012","60","8"
"canada","hall_beach","ERROR","NA","NA","NA","NA"
"canada","inukjuak","OK","1921","2012","92","9"
"canada","inuvik","OK","1957","2012","56","4"
"canada","mackensey","OK","1950","1978","29","0"
"canada","montreal","ERROR","NA","NA","NA","NA"
"canada","moosonee","ERROR","NA","NA","NA","NA"
"canada","norman_wells","OK","1943","2012","70","2"
"canada","prince_george","OK","1912","2012","101","2"
"canada","quebec-1","OK","1943","1990","48","1"
"canada","quebec-2","OK","1881","1959","79","1"
"canada","quebec","OK","1998","2012","15","1"
"canada","resolute_bay","OK","1947","2012","66","2"
"canada","sable_island","OK","1897","2012","116","5"
"canada","salt_stmarie","OK","1888","2011","124","2"
"canada","sandspit","OK","1945","2012","68","7"
"canada","st_johns","OK","1897","2011","115","10"
"canada","the_pas","OK","1910","2012","103","3"
"canada","thunderbay","OK","1941","2004","64","13"
"canada","toronto_1880","ERROR","NA","NA","NA","NA"
"canada","toronto-1949-2001","ERROR","NA","NA","NA","NA"
"canada","toronto","ERROR","NA","NA","NA","NA"
"canada","vancouver","OK","1937","2012","76","1"
"canada","whitehorse","OK","1942","2012","71","3"
"canada","winnipeg","OK","1881","2012","132","3"
"canada","yellowknife","OK","1943","2012","70","3"
"chile","antofagasta","OK","1951","2011","61","1"
"chile","balmaceda","OK","1958","2011","54","14"
"chile","conception","OK","1951","2011","61","12"
"chile","la_serena","OK","1941","2011","71","3"
"chile","pudahuel","OK","1903","2011","109","7"
"chile","puerto_montt","OK","1951","2011","61","1"
"chile","punta_arenas","OK","1888","2011","124","1"
"chile","temoco","OK","1951","2011","61","12"
"chile","temuco","OK","1951","2011","61","12"
"china","beijing","ERROR","NA","NA","NA","NA"
"china","changsha","OK","1911","1988","78","11"
"china","dalian","ERROR","NA","NA","NA","NA"
"china","dulan","OK","1954","2012","59","2"
"china","ganzhou","OK","1939","2012","74","7"
"china","guangzhou","OK","1912","2012","101","6"
"china","haikou","OK","1928","2012","85","6"
"china","harbin","OK","1909","1990","82","5"
"china","hotan","OK","1942","2012","71","4"
"china","jiukuan","OK","1934","2012","79","2"
"china","kashi","OK","1958","2012","55","2"
"china","kunming","OK","1921","2012","92","9"
"china","lasa-raa","ERROR","NA","NA","NA","NA"
"china","lhasa_nasa","ERROR","NA","NA","NA","NA"
"china","lhasa_nyeste","OK","1955","2007","53","1"
"china","lhasa","OK","1935","1992","58","13"
"china","lushun","OK","1906","1944","39","0"
"china","nanchang","OK","1929","2012","84","10"
"china","nanjing","OK","1952","2012","61","15"
"china","nanning","OK","1922","2012","91","7"
"china","qigihar","OK","1950","2012","63","2"
"china","quingdao","OK","1898","2012","115","5"
"china","ruokiang","OK","1953","2012","60","1"
"china","shanghai","ERROR","NA","NA","NA","NA"
"china","shantou","OK","1924","2012","89","11"
"china","shenyang","OK","1905","2012","108","6"
"china","taiyuan","OK","1916","2012","97","9"
"china","tengshong","OK","1916","2012","97","13"
"china","tianjin","OK","1923","1990","68","1"
"china","turpan","OK","1951","1990","40","1"
"china","urumki","OK","1907","2012","106","32"
"china","wuhan2","ERROR","NA","NA","NA","NA"
"china","wuhan","ERROR","NA","NA","NA","NA"
"china","xian","OK","1922","2005","84","7"
"china","xichang","OK","1939","2012","74","4"
"china","yanji","OK","1914","2012","99","22"
"china","yantai","OK","1905","1988","84","9"
"china","yinchuan","OK","1950","2012","63","3"
"china","yining","OK","1951","2012","62","2"
"china","zhengzhou","OK","1950","2012","63","2"
"china","zhijiang","OK","1938","2012","75","6"
"colombia","bogota","ERROR","NA","NA","NA","NA"
"colombia","cartagena","OK","1959","2009","51","2"
"danmark","bornholm","OK","1874","2012","139","1"
"danmark","kobenhavn_1700_1800","ERROR","NA","NA","NA","NA"
"danmark","kobenhavn","ERROR","NA","NA","NA","NA"
"danmark","nordby","OK","1875","2012","138","2"
"danmark","tranebjerg","OK","1873","2012","140","1"
"danmark","vestervig","OK","1875","2012","138","1"
"egypt","alexandria","OK","1870","1990","121","10"
"egypt","aswan","OK","1904","2009","106","4"
"egypt","cairo","OK","1869","1995","127","37"
"egypt","helwan","ERROR","NA","NA","NA","NA"
"egypt","luxor","ERROR","NA","NA","NA","NA"
"egypt","mersa_matruh","OK","1950","2009","60","5"
"equador","quito","OK","1891","1990","100","10"
"estland","pyarnu","OK","1936","2010","75","1"
"estland","tallin_1","OK","1881","2010","130","7"
"estland","tallin_2","OK","1934","2010","77","3"
"estland","tallin_3(2)","OK","1936","2010","75","1"
"estland","tallin_3","OK","1936","2010","75","1"
"etiopia","addis_abeba","OK","1898","2010","113","40"
"etiopia","gondar","OK","1952","2010","59","13"
"faroyene","torshavn","OK","1890","2012","123","1"
"filipinene","dagupan","OK","1951","2010","60","3"
"filipinene","laoag","OK","1951","2010","60","8"
"filipinene","legaspi","OK","1903","2010","108","7"
"filipinene","manila_aeroport","OK","1950","2008","59","4"
"filipinene","manila","OK","1887","1993","107","13"
"filipinene","tacloban","OK","1949","2010","62","2"
"filipinene","zamboanga","OK","1951","2010","60","3"
"finland","helsinki","OK","1890","2012","123","3"
"finland","ivalo","OK","1947","2011","65","2"
"finland","jyveskyle","OK","1890","2012","123","4"
"finland","kuopio","OK","1890","2012","123","6"
"finland","kuusamo","OK","1908","2012","105","6"
"finland","lappeenranta","OK","1890","2012","123","5"
"finland","oulu2","ERROR","NA","NA","NA","NA"
"finland","oulu","OK","1890","2011","145","24"
"finland","rovaniemi","ERROR","NA","NA","NA","NA"
"finland","rov","ERROR","NA","NA","NA","NA"
"finland","ruukki","OK","1971","2009","39","8"
"finland","sodankyle","OK","1908","2012","105","3"
"finland","tampere","OK","1890","2012","123","4"
"finland","turku","ERROR","NA","NA","NA","NA"
"finland","utti","OK","1971","2009","39","8"
"frankrike","ajaccio","OK","1951","2009","59","1"
"frankrike","biaritz","OK","1956","2009","54","1"
"frankrike","bordeaux","OK","1949","2009","61","1"
"frankrike","bourges","OK","1949","2009","61","1"
"frankrike","brest","OK","1955","2009","55","2"
"frankrike","chateauroux","OK","1921","2009","89","1"
"frankrike","cognac","OK","1947","2009","63","1"
"frankrike","dijon","OK","1951","2009","59","1"
"frankrike","limoges","OK","1951","2009","59","1"
"frankrike","lyon","OK","1851","2009","159","22"
"frankrike","marseille","OK","1881","2009","129","4"
"frankrike","mont_aigoual","OK","1949","2009","61","1"
"frankrike","nantes","OK","1851","2009","159","1"
"frankrike","nice","OK","1951","2009","59","1"
"frankrike","nimes","OK","1925","2009","85","8"
"frankrike","paris","OK","1757","2009","253","1"
"frankrike","perpignan","OK","1881","2009","129","32"
"frankrike","rennes","OK","1925","2009","85","1"
"frankrike","strasbourg","OK","1801","2009","209","55"
"frankrike","toulouse","OK","1839","2009","171","49"
"frankrike","vichy_charmeil","OK","1956","2009","54","1"
"golfstrommen","andoya","OK","1868","2009","142","2"
"golfstrommen","bjornoya","OK","1920","2009","106","17"
"golfstrommen","bodo6","OK","1868","2009","142","1"
"golfstrommen","draugen","ERROR","NA","NA","NA","NA"
"golfstrommen","ekkofisk","ERROR","NA","NA","NA","NA"
"golfstrommen","fruholmen_fyr","OK","1954","2009","56","2"
"golfstrommen","glomfjord","OK","1916","2009","94","2"
"golfstrommen","gullfaks_c","ERROR","NA","NA","NA","NA"
"golfstrommen","heidrun","ERROR","NA","NA","NA","NA"
"golfstrommen","kraakenes","OK","1924","2009","86","34"
"golfstrommen","lerwick","ERROR","NA","NA","NA","NA"
"golfstrommen","mike","ERROR","NA","NA","NA","NA"
"golfstrommen","nordoyan_fyr","OK","1891","2009","119","32"
"golfstrommen","norne","ERROR","NA","NA","NA","NA"
"golfstrommen","ona2","OK","1868","2009","142","7"
"golfstrommen","orland3","OK","1936","2009","74","1"
"golfstrommen","skrova_fyr","OK","1934","2009","76","1"
"golfstrommen","sleipner_a","ERROR","NA","NA","NA","NA"
"golfstrommen","slettnes_fyr","OK","1927","2009","83","15"
"golfstrommen","stornoway","ERROR","NA","NA","NA","NA"
"golfstrommen","svinoy_fyr","OK","1956","2009","54","1"
"golfstrommen","torshavn","OK","1890","2009","120","1"
"golfstrommen","troll_a","ERROR","NA","NA","NA","NA"
"golfstrommen","utsira_fyr","OK","1868","2009","142","1"
"golfstrommen","valentia","OK","1881","2009","129","1"
"golfstrommen","vestmannaoyene","OK","1878","2009","132","1"
"golfstrommen","vigra","OK","1958","2009","52","2"
"gronland","angmassalik","OK","1895","2012","118","4"
"gronland","danmarks_havn","OK","1949","2012","64","4"
"gronland","egedesminde_gml","OK","1949","2011","63","2"
"gronland","egedesminde","ERROR","NA","NA","NA","NA"
"gronland","illulisat","OK","1873","2012","140","2"
"gronland","ittoqqortoormiit","OK","1954","2012","59","2"
"gronland","ivittuut","OK","1873","1960","88","0"
"gronland","narsarsuaq","OK","1961","2004","44","1"
"gronland","nook_nasa","OK","1881","2012","132","7"
"gronland","nook","ERROR","NA","NA","NA","NA"
"gronland","nord","OK","1952","2012","61","25"
"gronland","prince_christian_sund","OK","1949","2012","64","4"
"gronland","tasiilaq","OK","1895","2012","118","1"
"gronland","upernavik","OK","1873","2012","140","2"
"hellas","athen_obs2","OK","1947","2006","60","2"
"hellas","athen_observa2","OK","1947","2006","60","2"
"hellas","athen_obs","OK","1858","2009","152","1"
"hellas","herakleon","OK","1949","2009","61","2"
"hellas","kalamata","OK","1951","2009","59","1"
"hellas","kekyra","OK","1950","2009","60","2"
"hellas","larissa","OK","1936","2009","74","2"
"hellas","thessaloniki","OK","1939","2009","71","2"
"hviterussland","minsk","OK","1891","2012","122","2"
"india","agra","OK","1881","1987","107","3"
"india","ahmadabad","OK","1941","2012","72","1"
"india","akola","OK","1881","2012","132","1"
"india","allahabad","OK","1881","2012","132","5"
"india","amritsar","OK","1948","2012","65","2"
"india","bangalore","OK","1881","2012","132","2"
"india","bikaner","OK","1881","2012","132","3"
"india","bombay","OK","1881","2012","132","1"
"india","calcutta","OK","1881","2012","132","1"
"india","cherrapunji","OK","1903","2012","110","17"
"india","daltonganj","OK","1893","2012","120","10"
"india","darbhanga","OK","1876","1993","118","29"
"india","dhubri","OK","1881","1984","104","24"
"india","dibrugarh","OK","1901","2012","112","3"
"india","dwarka","OK","1901","2012","112","8"
"india","gauhati","OK","1902","2012","111","3"
"india","goa","OK","1961","2012","52","1"
"india","hyderabad","OK","1893","2012","120","1"
"india","indore","OK","1881","2012","132","1"
"india","jagdalpur","OK","1909","2012","104","2"
"india","jaipur","OK","1881","1990","110","23"
"india","jodhpur","OK","1897","2012","116","2"
"india","kota","OK","1898","1993","96","23"
"india","ludhiana","OK","1875","1984","110","23"
"india","madras","OK","1881","2012","132","1"
"india","muktesvar","OK","1897","2012","116","5"
"india","nagpur","OK","1881","2011","131","1"
"india","new_dehli","OK","1931","2012","82","1"
"india","pamban","OK","1891","2012","122","1"
"india","poona","OK","1931","2012","82","1"
"india","sagar","OK","1881","2012","132","2"
"india","silchar","OK","1870","1974","105","6"
"india","srinagar","OK","1893","2012","120","1"
"india","veraval","OK","1890","2012","123","3"
"indiske_hav","agalega","OK","1951","2009","59","2"
"indiske_hav","cocos_island","OK","1949","2009","61","1"
"indiske_hav","crozet","OK","1965","2009","45","14"
"indiske_hav","diego_garcia","OK","1954","2002","49","4"
"indiske_hav","kerguelen","OK","1950","2009","60","9"
"indiske_hav","marion_island","OK","1948","2009","62","2"
"indiske_hav","minicoy_maldivene","OK","1931","2009","79","1"
"indiske_hav","plaisance_mauritius","OK","1952","2009","58","2"
"indiske_hav","rodriguez","OK","1951","2009","59","2"
"indiske_hav","seychellene","OK","1894","2009","116","6"
"indonesia","jacarta","ERROR","NA","NA","NA","NA"
"irak","bagdad","OK","1888","1980","93","29"
"irak","basra","OK","1920","1980","61","22"
"irak","kirkuk","OK","1939","1980","42","13"
"irak","mosul","OK","1926","1980","55","15"
"irland","dublin","ERROR","NA","NA","NA","NA"
"irland","shannon","OK","1948","2009","62","0"
"irland","valentia","OK","1881","2009","129","0"
"island","aedoy","ERROR","NA","NA","NA","NA"
"island","akureyri","OK","1882","2012","131","1"
"island","dalatangi","ERROR","NA","NA","NA","NA"
"island","grimstadir","OK","1931","2012","82","1"
"island","hell","OK","1931","2011","81","1"
"island","holar_hornafirdi","OK","1949","2011","63","0"
"island","hraun_a_skaga","ERROR","NA","NA","NA","NA"
"island","raufarhofn","OK","1931","2009","79","1"
"island","reykjavik","OK","1870","2012","143","1"
"island","stykkisholmur","OK","1830","2012","183","1"
"island","teigarhorn","OK","1873","2009","137","4"
"island","vestmannaoyene","OK","1878","2012","135","1"
"israel","eilat","OK","1951","2009","59","1"
"israel","jerusalem","OK","1861","2004","144","13"
"israel","tel_aviv_lod","ERROR","NA","NA","NA","NA"
"italia","bologna","OK","1814","2009","195","1"
"italia","brindisi","OK","1951","2009","59","1"
"italia","cagliari","OK","1951","2009","59","1"
"italia","lugano","OK","1949","2007","59","1"
"italia","marina_di_ginosa","OK","1967","2009","43","2"
"italia","messina","OK","1951","2009","59","6"
"italia","milano_gml","OK","1763","1990","228","17"
"italia","milano","OK","1763","2009","246","1"
"italia","napoli","OK","1866","1990","125","36"
"italia","pisa","OK","1949","2009","61","3"
"italia","roma_ciampino","OK","1951","2009","59","1"
"italia","roma_fiumicino","OK","1811","1993","183","15"
"italia","torino","OK","1753","1990","238","82"
"italia","trapani","OK","1961","2009","49","2"
"italia","trieste","OK","1951","2009","59","1"
"italia","venezia","OK","1951","1990","40","1"
"italia","verona_villafranca","OK","1951","2009","59","1"
"japan","abashiri","OK","1925","2012","88","1"
"japan","akita","OK","1919","2012","94","2"
"japan","aomori","OK","1922","2012","91","2"
"japan","asahigawa","OK","1914","2012","99","2"
"japan","choshi","OK","1902","2012","111","2"
"japan","fukuoka","OK","1890","2012","123","1"
"japan","hakodate","OK","1929","2012","84","2"
"japan","hiroshima_gml","OK","1881","2005","125","0"
"japan","hiroshima","ERROR","NA","NA","NA","NA"
"japan","isuhara","OK","1886","2012","127","2"
"japan","kanazawa","OK","1886","2012","127","1"
"japan","kyoto","OK","1881","2005","125","24"
"japan","maebashi","OK","1897","2012","116","3"
"japan","matsumoto","OK","1898","2007","110","0"
"japan","matsuyama","OK","1890","2012","123","5"
"japan","miyako","OK","1922","2007","86","1"
"japan","nagasaki","OK","1881","2012","132","1"
"japan","nagoya","OK","1891","2012","122","1"
"japan","nemuro","OK","1923","2012","90","2"
"japan","niigata","ERROR","NA","NA","NA","NA"
"japan","obihiro","OK","1907","1990","84","1"
"japan","oita","OK","1887","2012","126","1"
"japan","onahama","OK","1910","2008","99","1"
"japan","osaka","OK","1883","2012","130","1"
"japan","sapporo","ERROR","NA","NA","NA","NA"
"japan","sendai","OK","1927","2012","86","1"
"japan","shionomisaki","OK","1913","2012","100","1"
"japan","takamatsu","OK","1941","2012","72","2"
"japan","tokyo","ERROR","NA","NA","NA","NA"
"japan","wakkanai","OK","1938","2012","75","1"
"jordan","h-4irwaishe","ERROR","NA","NA","NA","NA"
"jordan","maan","OK","1961","2009","49","1"
"kasakstan","almaty","OK","1956","2009","54","2"
"kasakstan","balhash","OK","1932","2009","78","3"
"kasakstan","fort_cevcenko","OK","1908","2009","102","11"
"kasakstan","gurjev","OK","1926","2009","84","11"
"kasakstan","karaganda","OK","1936","2009","74","1"
"kasakstan","kazalinsk","OK","1881","1990","110","1"
"kasakstan","kustanai","OK","1902","2009","108","4"
"kasakstan","sam","OK","1946","2009","64","4"
"kasakstan","semipalatinsk","OK","1891","2009","119","12"
"kenya","nairobi","ERROR","NA","NA","NA","NA"
"korea_n","haeju","OK","1961","2012","52","12"
"korea_n","hyesan","OK","1961","2012","52","12"
"korea_n","kimchaek","OK","1961","2012","52","12"
"korea_n","pyong2","OK","1907","1993","87","40"
"korea_n","pyongyang","OK","1935","2011","77","28"
"korea_n","sinuiju","OK","1961","2012","52","12"
"korea_n","wonsan","OK","1961","2012","52","12"
"korea_s","kangnung","OK","1920","2012","93","2"
"korea_s","mokbo","OK","1915","2012","98","2"
"korea_s","pohang","OK","1949","2012","64","2"
"korea_s","pusan2","ERROR","NA","NA","NA","NA"
"korea_s","pusan","OK","1904","2012","109","1"
"korea_s","soul","OK","1907","2012","106","3"
"korea_s","taejon","OK","1969","2012","44","1"
"korea_s","yosu","OK","1942","2011","70","2"
"kroatia","gospic","OK","1872","2008","137","15"
"kroatia","hvar","OK","1858","2008","151","22"
"kroatia","osijek","OK","1899","2008","110","5"
"kroatia","split","OK","1948","2008","61","1"
"kroatia","zagreb","OK","1861","2008","148","1"
"kroatia","zavizan","OK","1953","2008","56","2"
"laos","vientiane","ERROR","NA","NA","NA","NA"
"latvia","liepaja","ERROR","NA","NA","NA","NA"
"libanon","beirut","OK","1875","1985","111","23"
"libya","azizia","OK","1913","1951","39","11"
"libya","tripoli","ERROR","NA","NA","NA","NA"
"litauen","kaunas","OK","1901","2010","110","20"
"litauen","klaipeda","OK","1929","2010","82","1"
"litauen","villnius","OK","1881","2010","130","1"
"luxemburg","luxemburg_old","OK","1838","1988","151","2"
"luxemburg","luxemburg","OK","1947","2009","63","1"
"madagaskar","tannan2","OK","1952","2005","54","5"
"madagaskar","tannanarive","ERROR","NA","NA","NA","NA"
"malaysia","bintulu","OK","1940","2009","70","14"
"malaysia","kota_kinabalu","OK","1950","2009","60","1"
"malaysia","kuala_lumpur","OK","1930","2009","80","6"
"malaysia","kuantan","OK","1948","2009","62","0"
"malaysia","malacca","OK","1951","2009","59","0"
"malaysia","singapore","OK","1881","2009","129","30"
"mali","timbuktu","OK","1950","2010","61","10"
"malta","luqa","OK","1853","2009","157","10"
"marokko","casablanca","OK","1925","2010","86","3"
"marokko","marrakesh","OK","1924","2010","87","2"
"mauritania","nouakchott","OK","1950","2010","61","7"
"mexico","acapulco","OK","1949","2011","63","6"
"mexico","chetumal","OK","1949","2011","63","16"
"mexico","guanajuato","OK","1949","2011","63","8"
"mexico","mazanillo","OK","1934","2011","78","7"
"mexico","mazatlan","OK","1937","2011","75","9"
"mexico","mexico_city_1988","ERROR","NA","NA","NA","NA"
"mexico","mexico_city_2","OK","1916","2009","94","17"
"mexico","mexico_city_homogen","ERROR","NA","NA","NA","NA"
"mexico","mexico_city","OK","1916","2011","96","18"
"mexico","monterrey","OK","1919","2011","93","11"
"mexico","pueblo","OK","1878","1990","113","30"
"mexico","torreon","OK","1949","2011","63","12"
"mongolia","altai","OK","1957","2012","56","6"
"mongolia","arvaiheer","OK","1955","2012","58","5"
"mongolia","bulgan","OK","1955","2012","58","6"
"mongolia","choibalsan","OK","1936","2012","77","4"
"mongolia","dalanzagad","OK","1954","2012","59","6"
"mongolia","dauunmod","OK","1938","2012","75","2"
"mongolia","erenhot","OK","1938","2012","75","21"
"mongolia","mandalgovi","OK","1947","2012","66","6"
"mongolia","muren","OK","1960","2012","53","6"
"mongolia","sainshand","OK","1940","2012","73","7"
"mongolia","uliastai","OK","1960","2012","53","6"
"mosambik","maputo","OK","1892","1993","102","15"
"nederland","amsterdam_schipol","OK","1951","2011","61","1"
"nederland","de_bilt","OK","1901","2011","111","1"
"nederland","de_kooy","OK","1906","2011","106","1"
"nederland","eelde","OK","1906","2011","106","1"
"nederland","leeuwarden","OK","1951","2011","61","1"
"nederland","leeuw","ERROR","NA","NA","NA","NA"
"nederland","maastericht","OK","1906","2011","106","1"
"nederland","rotterdam","OK","1951","2011","61","1"
"nepal","darjeling","OK","1882","1999","118","19"
"newzealand","auckland_NASA_gml","OK","1864","1993","130","2"
"newzealand","auckland","OK","1962","2012","51","4"
"newzealand","christchurch","OK","1950","2012","63","2"
"newzealand","dunedin","ERROR","NA","NA","NA","NA"
"newzealand","gisborne","OK","1937","2012","76","5"
"newzealand","hokitika","OK","1866","2012","147","16"
"newzealand","invercargil","OK","1960","2012","53","2"
"newzealand","nelson","OK","1943","2012","68","6"
"newzealand","wellington_NASA_gml","OK","1864","1989","126","1"
"newzealand","wellington","OK","1962","2012","51","6"
"nigeria","lagos","OK","1892","1980","89","10"
"nordsjoen","draugen","ERROR","NA","NA","NA","NA"
"nordsjoen","ekkofisk","ERROR","NA","NA","NA","NA"
"nordsjoen","gullfaks_c","ERROR","NA","NA","NA","NA"
"nordsjoen","gullfaks","ERROR","NA","NA","NA","NA"
"nordsjoen","heidrun","ERROR","NA","NA","NA","NA"
"nordsjoen","mike","ERROR","NA","NA","NA","NA"
"nordsjoen","norne","ERROR","NA","NA","NA","NA"
"nordsjoen","sleipner_a","ERROR","NA","NA","NA","NA"
"nordsjoen","sleipner","ERROR","NA","NA","NA","NA"
"nordsjoen","slettnes_fyr","OK","1927","2012","86","15"
"nordsjoen","slettnes","OK","1927","2008","82","15"
"nordsjoen","sola","OK","1936","2012","77","1"
"nordsjoen","takle","OK","1950","2012","63","2"
"nordsjoen","troll_a","ERROR","NA","NA","NA","NA"
"nordsjoen","utsira_fyr","OK","1868","2012","145","1"
"nordsjoen","vigra","OK","1958","2012","55","2"
"norge","aabjorsbraaten","OK","1923","2012","90","1"
"norge","alta_lufthavn","ERROR","NA","NA","NA","NA"
"norge","andoya","OK","1868","2012","145","1"
"norge","asker","OK","1913","2012","100","3"
"norge","bardufoss","OK","1941","2012","72","0"
"norge","bergen_florida","OK","1858","2012","155","0"
"norge","bergen_fredriksberg","OK","1881","2012","132","4"
"norge","berkaak","OK","1930","2006","77","4"
"norge","biri","OK","1876","1882","7","1"
"norge","bjornoya_nasa","OK","1949","2012","64","3"
"norge","bjornoya","OK","1920","2012","109","16"
"norge","bodo6","OK","1868","2012","145","0"
"norge","dombaas2","OK","1865","1972","108","1"
"norge","dombaas_dombaas2","OK","1864","2006","143","2"
"norge","dombaas_kirkenaer","ERROR","NA","NA","NA","NA"
"norge","dombaas_krististugu","ERROR","NA","NA","NA","NA"
"norge","dombaas_nordigard","OK","1865","2012","148","1"
"norge","draugen","ERROR","NA","NA","NA","NA"
"norge","drevsjo","OK","1947","2012","66","4"
"norge","ekkofisk","ERROR","NA","NA","NA","NA"
"norge","faerder","OK","1886","2012","127","0"
"norge","fagernes","OK","1982","2012","31","1"
"norge","flisa_2000","ERROR","NA","NA","NA","NA"
"norge","flisa2","OK","1919","2012","98","14"
"norge","fokstugu","OK","1923","2012","90","1"
"norge","fruholmen_fyr","OK","1954","2012","59","1"
"norge","gardermoen","OK","1941","2012","72","0"
"norge","GEILO_GML","OK","1942","1951","10","1"
"norge","geilo_oldebraaten","ERROR","NA","NA","NA","NA"
"norge","GEILO_STOLEN","OK","1966","2005","40","2"
"norge","GEILO_STRAND","OK","1951","1966","16","2"
"norge","glomfjord","OK","1916","2010","94","1"
"norge","gullfaks_c","ERROR","NA","NA","NA","NA"
"norge","halden_kt","ERROR","NA","NA","NA","NA"
"norge","hamar","OK","1883","1934","52","1"
"norge","havniva_global","OK","1992","2010","19","0"
"norge","heidrun","ERROR","NA","NA","NA","NA"
"norge","hopen","OK","1945","2012","68","0"
"norge","jan2","OK","1921","2007","87","1"
"norge","janmayen","OK","1921","2012","92","0"
"norge","Karasjok","OK","1876","2012","137","0"
"norge","kautokeino","OK","1889","2012","124","24"
"norge","kirkenes_lufthavn","OK","1965","2012","48","0"
"norge","kise_paa_hedmark","OK","1951","2012","62","16"
"norge","kjoremsgrende","ERROR","NA","NA","NA","NA"
"norge","kongsvinger","ERROR","NA","NA","NA","NA"
"norge","kraakenes","OK","1924","2012","89","33"
"norge","krakenes","ERROR","NA","NA","NA","NA"
"norge","kvitfjell","ERROR","NA","NA","NA","NA"
"norge","lillehammer1_12650","OK","1891","1932","42","1"
"norge","lillehammer2_12660","OK","1926","1969","44","2"
"norge","lillehammer3_12640","OK","1969","1981","13","2"
"norge","lillehammer_homogen","ERROR","NA","NA","NA","NA"
"norge","lillehammer_mesnali","OK","1902","1926","25","2"
"norge","lillehammer_saeterengen","ERROR","NA","NA","NA","NA"
"norge","lillehammer_setere_12680","OK","1982","2007","26","9"
"norge","lista_fyr","OK","1867","2012","146","44"
"norge","mandal","OK","1861","2008","148","2"
"norge","mike","ERROR","NA","NA","NA","NA"
"norge","mjosisen","ERROR","NA","NA","NA","NA"
"norge","mosstrand2","OK","1964","2012","49","6"
"norge","mosstrand","OK","1964","2008","45","7"
"norge","nesbyen_todokk","OK","1898","2012","115","0"
"norge","nesbyen","OK","1898","2008","111","1"
"norge","nordoyan_fyr","OK","1891","2012","122","31"
"norge","norne","ERROR","NA","NA","NA","NA"
"norge","oksoy_fyr_old","OK","1870","2008","139","1"
"norge","oksoy_fyr","OK","1870","2012","143","0"
"norge","oksoy","ERROR","NA","NA","NA","NA"
"norge","ona2","OK","1868","2012","145","6"
"norge","orland3","OK","1936","2012","77","0"
"norge","osloaug","ERROR","NA","NA","NA","NA"
"norge","oslo_blindern_nasa","ERROR","NA","NA","NA","NA"
"norge","Oslo_blindern","ERROR","NA","NA","NA","NA"
"norge","ostre_toten_apelsvoll","OK","1930","2012","84","16"
"norge","plassen","ERROR","NA","NA","NA","NA"
"norge","prestebakke","OK","1961","2010","50","1"
"norge","rena_haugedalen","OK","1958","2012","55","2"
"norge","Roros_lufthavn","OK","1871","2012","142","0"
"norge","rygge","OK","1956","2012","57","0"
"norge","sauda","OK","1928","2012","85","1"
"norge","selbu","OK","1920","2006","87","4"
"norge","skaabu_storslaaen","ERROR","NA","NA","NA","NA"
"norge","skaabu","ERROR","NA","NA","NA","NA"
"norge","skidogn","OK","1900","2007","108","0"
"norge","skrova_fyr","OK","1934","2012","79","0"
"norge","sleipner_a","ERROR","NA","NA","NA","NA"
"norge","sleipner","ERROR","NA","NA","NA","NA"
"norge","slettnes_fyr","OK","1927","2012","86","14"
"norge","slettnes","OK","1927","2008","82","15"
"norge","sognefjellhytta","OK","1961","2012","52","0"
"norge","sola","OK","1936","2012","77","0"
"norge","stavanger","OK","1936","2008","73","1"
"norge","svalbard_lufthavn","ERROR","NA","NA","NA","NA"
"norge","svinoy_fyr","OK","1956","2012","57","0"
"norge","tafjord","OK","1931","2012","82","0"
"norge","takle","OK","1950","2012","63","1"
"norge","temp_okt_2012","ERROR","NA","NA","NA","NA"
"norge","torungen_fyr","OK","1868","2012","145","1"
"norge","torungen","OK","1868","2008","141","2"
"norge","troll_a","ERROR","NA","NA","NA","NA"
"norge","tromso_langnes","OK","1868","2012","145","0"
"norge","trondheim_1800","OK","1818","1869","52","0"
"norge","trondheim_voll","OK","1923","2012","90","16"
"norge","trysil","OK","1944","1973","30","3"
"norge","tryvasshogda1","OK","1927","2012","86","2"
"norge","tynset_10000","OK","1921","1925","5","0"
"norge","tynset_10010","OK","1878","1926","49","0"
"norge","tynset_9580","OK","2002","2007","6","2"
"norge","tynset_9600","OK","1949","1977","29","1"
"norge","tynset_hansmoen","OK","2000","2012","13","1"
"norge","utsira_fyr","OK","1868","2012","145","0"
"norge","Vaernes","OK","1941","2012","73","1"
"norge","vardo_radio","OK","1858","2012","155","0"
"norge","vardo","OK","1858","2008","151","1"
"norge","venabu","ERROR","NA","NA","NA","NA"
"norge","vest_torpa","ERROR","NA","NA","NA","NA"
"norge","vigra","OK","1958","2012","55","1"
"norge","vinjeora","OK","1921","2005","85","36"
"osterrike","graz","OK","1894","2009","116","1"
"osterrike","innsbruck","OK","1877","2009","133","9"
"osterrike","klagenfurt","OK","1881","2009","129","4"
"osterrike","kremsmunster","OK","1876","2009","134","1"
"osterrike","salzburg","ERROR","NA","NA","NA","NA"
"osterrike","sonnblick","OK","1887","2009","123","1"
"osterrike","wien","OK","1855","2009","155","10"
"pakistan","dalbandin","OK","1931","2012","82","7"
"pakistan","dera_ismali_kahn","OK","1931","2012","82","2"
"pakistan","fort_sandeman","OK","1931","2012","82","8"
"pakistan","hydrabad","OK","1878","1989","112","33"
"pakistan","jacobabad","OK","1931","2012","82","1"
"pakistan","jhelum","OK","1947","2012","66","1"
"pakistan","karachi","ERROR","NA","NA","NA","NA"
"pakistan","lahore","OK","1876","2012","137","1"
"pakistan","multan","OK","1931","2012","82","2"
"pakistan","peshawar","OK","1931","2012","82","2"
"pakistan","quetta","OK","1878","2012","135","5"
"pakistan","zhob","OK","1947","1993","47","22"
"paraguay","asuncion","OK","1936","2009","74","8"
"peru","cusco","OK","1953","2007","55","10"
"peru","iquitos","OK","1949","2009","61","12"
"peru","lima","OK","1960","2009","50","11"
"peru","pucallpa","OK","1949","2009","61","10"
"peru","trujillo","OK","1950","2009","60","14"
"polen","bialystok","OK","1951","2009","59","1"
"polen","elblag","OK","1951","2009","59","1"
"polen","gdansk","OK","1807","1987","181","104"
"polen","krakow","OK","1825","1988","164","54"
"polen","poprad","OK","1951","2009","59","1"
"polen","poznan","OK","1951","2009","59","1"
"polen","szczecin","OK","1951","2009","59","1"
"polen","warszawa","ERROR","NA","NA","NA","NA"
"polen","wroclaw","ERROR","NA","NA","NA","NA"
"polen","zakopane","OK","1951","1990","40","20"
"portugal","lisboa_ecad","OK","1901","2011","111","1"
"portugal","lisboa_geofysica_ut","OK","1901","2006","106","5"
"portugal","lisboa_nasa","OK","1881","2011","131","1"
"portugal","lisboa","OK","1881","2009","129","0"
"portugal","porto","OK","1941","2011","71","1"
"portugal","porto_ut","OK","1941","2006","66","8"
"romania","baia_mare","OK","1921","2006","86","29"
"romania","bisitra","OK","1951","2009","59","1"
"romania","bucuresti","ERROR","NA","NA","NA","NA"
"romania","buzau","OK","1896","2009","114","23"
"romania","calarasi","OK","1898","2009","112","6"
"romania","cluj_napoca","OK","1921","2009","89","1"
"romania","drobeta_turnu_severin","OK","1896","2006","111","18"
"romania","iasi","OK","1951","2009","59","1"
"romania","sibiu","ERROR","NA","NA","NA","NA"
"romania","sulina","OK","1881","2009","129","1"
"romania","targu_jiu","OK","1899","2006","108","24"
"romania","timisoara","OK","1951","2009","59","1"
"romania","turnu_magurele","OK","1896","2006","111","33"
"romania","varfu_omul","OK","1928","2009","82","13"
"russland","ajan","OK","1891","2012","122","36"
"russland","aleksandrov","OK","1936","2012","77","1"
"russland","anadyr","OK","1899","2012","114","7"
"russland","archangelsk","OK","1881","2012","132","1"
"russland","armavir","OK","1936","2012","77","1"
"russland","astrakan","OK","1927","2012","86","2"
"russland","bomnak","OK","1909","2012","104","5"
"russland","cita","OK","1890","2012","123","6"
"russland","cokurda","OK","1939","2012","74","8"
"russland","dudinka","OK","1916","2012","97","24"
"russland","elatma","OK","1885","2012","128","20"
"russland","gmo","OK","1932","2012","81","3"
"russland","hoseda_hard","OK","1936","2012","77","1"
"russland","im_poliny","OK","1911","2012","102","12"
"russland","irkutsk","OK","1882","2012","131","1"
"russland","izevsk","OK","1958","2012","55","1"
"russland","jakutsk","OK","1882","2012","131","4"
"russland","kalakan","OK","1935","2004","70","4"
"russland","kaliningrad","OK","1947","2012","66","1"
"russland","kandalaksa","OK","1912","2012","101","1"
"russland","kazan","ERROR","NA","NA","NA","NA"
"russland","kem","OK","1916","2012","97","1"
"russland","khatanga","OK","1929","2012","84","6"
"russland","kirensk","OK","1892","2012","121","4"
"russland","kljuci","ERROR","NA","NA","NA","NA"
"russland","kojnas","OK","1912","2012","101","1"
"russland","kostroma","OK","1925","2012","88","1"
"russland","kotlas","OK","1936","2012","77","1"
"russland","kotzebue","OK","1897","2007","111","31"
"russland","krasnasa","ERROR","NA","NA","NA","NA"
"russland","krasnojarsk","OK","1902","2012","111","3"
"russland","krasnoufimsk","OK","1926","2012","87","16"
"russland","krasnovodsk","OK","1883","2012","130","4"
"russland","kursk","OK","1891","2012","122","1"
"russland","moskva2","OK","1932","2006","75","1"
"russland","moskva","OK","1779","2012","234","61"
"russland","murmansk","OK","1918","2012","95","2"
"russland","mys_smidta","ERROR","NA","NA","NA","NA"
"russland","mys_ulen","OK","1918","2012","95","15"
"russland","narjan_mar","OK","1926","2012","87","2"
"russland","nercinski_za","OK","1881","2012","132","19"
"russland","nikolaevsk","OK","1881","2012","132","3"
"russland","nikolskoie","OK","1899","2012","114","9"
"russland","ohotsk","OK","1890","2012","123","16"
"russland","ohrenburg","OK","1886","2012","127","1"
"russland","omsk","OK","1890","2012","123","2"
"russland","ostrov_dikson","OK","1916","2012","97","3"
"russland","ostrov_kotel","OK","1933","2012","80","5"
"russland","ostrov_vize","OK","1951","2012","62","1"
"russland","poronajsk","OK","1908","2012","105","1"
"russland","salekhard","OK","1947","2012","66","2"
"russland","semipalatinsk","OK","1891","2012","122","12"
"russland","simferopol","OK","1960","2012","53","2"
"russland","sort","OK","1881","1990","110","1"
"russland","sotsji","OK","1881","2012","132","1"
"russland","st_petersburg2","OK","1881","2009","129","1"
"russland","st_petersburg_gml","OK","1910","2009","100","1"
"russland","st_petersburg","ERROR","NA","NA","NA","NA"
"russland","tarko_sale","OK","1937","2012","76","1"
"russland","tobolsk","OK","1884","2012","129","2"
"russland","toko","OK","1951","2012","81","61"
"russland","tura","OK","1928","2012","85","2"
"russland","turuhansk","OK","1881","2012","132","5"
"russland","uralsk","OK","1900","2012","113","1"
"russland","verkhojansk","OK","1885","2012","128","4"
"russland","viljujsk","OK","1898","2012","115","3"
"russland","vladivostok","OK","1913","2012","100","1"
"russland","voronez","OK","1918","2012","95","1"
"russland","vrangelja","OK","1926","2012","91","7"
"russland","vytegra","OK","1881","2012","132","11"
"saudi_arabia","riyadh","ERROR","NA","NA","NA","NA"
"saudi_arabia","tabuk","OK","1964","2010","47","5"
"senegal","dakar","ERROR","NA","NA","NA","NA"
"senegal","kaolack","OK","1951","2010","60","3"
"senegal","linguere","OK","1951","2010","60","1"
"senegal","tambacounda","OK","1941","2010","70","3"
"serbia","beograd","OK","1888","2008","121","13"
"serbia","beo_nasa","OK","1941","2009","69","1"
"slovakia","poprad","ERROR","NA","NA","NA","NA"
"slovakia","sliac","ERROR","NA","NA","NA","NA"
"slovenia","kredarica","OK","1955","2009","55","1"
"slovenia","ljubljana","OK","1900","2009","110","3"
"spania","alicante","ERROR","NA","NA","NA","NA"
"spania","barcelona","OK","1927","1999","73","26"
"spania","gibraltar","OK","1852","2010","159","13"
"spania","la_coruna","OK","1960","2011","52","2"
"spania","madrid","OK","1920","2011","92","1"
"spania","malaga_aeroport","OK","1942","2011","70","1"
"spania","navaracerrada","ERROR","NA","NA","NA","NA"
"spania","palma_malorca","OK","1881","2011","131","5"
"spania","salmanca_aeroport","OK","1945","2011","67","1"
"spania","san_sebastian","OK","1929","2011","83","1"
"spania","tenerife","OK","1947","2011","65","8"
"spania","torrevieja","OK","1927","2011","85","1"
"spania","tortosa","OK","1939","2011","73","1"
"spania","valencia","OK","1931","2010","80","4"
"spania","valladolid","OK","1960","2011","52","2"
"spania","zaragoza","OK","1951","2011","61","1"
"sri_lanka","colombo","ERROR","NA","NA","NA","NA"
"stillehavet","atuona","OK","1959","2011","53","2"
"stillehavet","chatham_islands","OK","1881","2011","131","28"
"stillehavet","funafuti_tuvalu","OK","1932","2010","79","13"
"stillehavet","honolulu","OK","1898","2011","114","2"
"stillehavet","isle_de_juan_fernandez","OK","1901","2011","111","5"
"stillehavet","isle_de_pascua","OK","1942","2011","70","1"
"stillehavet","lihue_kauai","OK","1905","2011","107","2"
"stillehavet","lord_howe_island","ERROR","NA","NA","NA","NA"
"stillehavet","macquarie_island","ERROR","NA","NA","NA","NA"
"stillehavet","minamidaitoji","OK","1943","2011","69","4"
"stillehavet","minamitorishi","OK","1937","2011","75","8"
"stillehavet","nandi","OK","1942","2011","70","3"
"stillehavet","norfolk_island","OK","1915","2011","97","6"
"stillehavet","ponape","OK","1941","2011","71","8"
"stillehavet","rapa","OK","1951","2011","61","1"
"stillehavet","st_paul","OK","1881","2011","131","36"
"stillehavet","thaiti_faaa","OK","1935","2011","77","1"
"stillehavet","titizima","OK","1907","2011","105","11"
"stillehavet","totegegie","OK","1959","2011","53","2"
"stillehavet","truk","OK","1949","2011","63","2"
"stillehavet","wake_island","OK","1946","2009","64","3"
"stillehavet","willis_island","OK","1939","2011","73","2"
"stillehavet","yap_caroline","OK","1921","2011","91","8"
"storbritannia","aberdeen","OK","1881","2012","132","1"
"storbritannia","aberporth","ERROR","NA","NA","NA","NA"
"storbritannia","armagh","ERROR","NA","NA","NA","NA"
"storbritannia","ballypatric_forest","ERROR","NA","NA","NA","NA"
"storbritannia","belfast","OK","1881","2012","132","1"
"storbritannia","bournemouth","OK","1961","2012","52","1"
"storbritannia","bradford","ERROR","NA","NA","NA","NA"
"storbritannia","braemar","ERROR","NA","NA","NA","NA"
"storbritannia","camborne","ERROR","NA","NA","NA","NA"
"storbritannia","cambridge","OK","1871","NA","143","2"
"storbritannia","cardiff_bute_park","ERROR","NA","NA","NA","NA"
"storbritannia","chivenor","ERROR","NA","NA","NA","NA"
"storbritannia","cwmystwyth","ERROR","NA","NA","NA","NA"
"storbritannia","dunstaffnage","ERROR","NA","NA","NA","NA"
"storbritannia","durham","OK","1847","2012","166","2"
"storbritannia","eastbourne","ERROR","NA","NA","NA","NA"
"storbritannia","edinbourg","OK","1785","1993","209","1"
"storbritannia","eskdalmuir","ERROR","NA","NA","NA","NA"
"storbritannia","greenwich","ERROR","NA","NA","NA","NA"
"storbritannia","grytviken","OK","1905","1982","78","1"
"storbritannia","heathrow","ERROR","NA","NA","NA","NA"
"storbritannia","hurn","ERROR","NA","NA","NA","NA"
"storbritannia","leeming","OK","1971","2012","42","1"
"storbritannia","lerwick","ERROR","NA","NA","NA","NA"
"storbritannia","leuchars","ERROR","NA","NA","NA","NA"
"storbritannia","london","OK","1841","2004","164","6"
"storbritannia","lovesoft","ERROR","NA","NA","NA","NA"
"storbritannia","manston","ERROR","NA","NA","NA","NA"
"storbritannia","nairn","ERROR","NA","NA","NA","NA"
"storbritannia","newton_rigg","ERROR","NA","NA","NA","NA"
"storbritannia","oxford_old","ERROR","NA","NA","NA","NA"
"storbritannia","oxford","ERROR","NA","NA","NA","NA"
"storbritannia","paisley","ERROR","NA","NA","NA","NA"
"storbritannia","plymouth","OK","1865","1993","129","1"
"storbritannia","ringway","ERROR","NA","NA","NA","NA"
"storbritannia","ross_on_wye","ERROR","NA","NA","NA","NA"
"storbritannia","shawbury","ERROR","NA","NA","NA","NA"
"storbritannia","sheffield","ERROR","NA","NA","NA","NA"
"storbritannia","southhampton","ERROR","NA","NA","NA","NA"
"storbritannia","st_helena","OK","1892","1993","102","13"
"storbritannia","st_mawgan","ERROR","NA","NA","NA","NA"
"storbritannia","stornoway","ERROR","NA","NA","NA","NA"
"storbritannia","sutton_bonnington","ERROR","NA","NA","NA","NA"
"storbritannia","tiree","ERROR","NA","NA","NA","NA"
"storbritannia","valley","ERROR","NA","NA","NA","NA"
"storbritannia","waddington","ERROR","NA","NA","NA","NA"
"storbritannia","whitby","ERROR","NA","NA","NA","NA"
"storbritannia","wick_airport","ERROR","NA","NA","NA","NA"
"storbritannia","yeovilton","ERROR","NA","NA","NA","NA"
"sudan","el_obeid","OK","1905","2011","107","7"
"sudan","khartum","ERROR","NA","NA","NA","NA"
"sudan","kosti","OK","1943","2011","69","12"
"sudan","port_sudan","OK","1906","NA","107","9"
"sveits","andermatt","OK","1966","2006","41","2"
"sveits","basel","ERROR","NA","NA","NA","NA"
"sveits","davos","OK","1901","2006","106","2"
"sveits","engelberg","OK","1931","2006","76","2"
"sveits","geneve_ecad","OK","1901","2009","109","1"
"sveits","geneve","ERROR","NA","NA","NA","NA"
"sveits","la_chaux_de_fond","OK","1901","2006","106","1"
"sveits","lachauxdefond","OK","1901","2006","106","1"
"sveits","lugano_ecad","OK","1901","2009","109","1"
"sveits","lugano","OK","1949","2009","61","1"
"sveits","luzern","OK","1931","2006","76","2"
"sveits","neuchatel","OK","1901","2006","106","1"
"sveits","saentis_ecad","OK","1901","2009","109","2"
"sveits","saentis","OK","1883","2009","127","1"
"sveits","samedan","OK","1901","2006","106","1"
"sveits","san_bernadino","OK","1968","2006","39","1"
"sveits","sion_1","OK","1901","1977","77","0"
"sveits","sion_2","OK","1978","2009","32","1"
"sveits","sion_homogen","ERROR","NA","NA","NA","NA"
"sveits","st_bernhard","OK","1901","2006","106","11"
"sveits","st_gallen","OK","1931","2006","76","1"
"sveits","zuruck","ERROR","NA","NA","NA","NA"
"sverige","abisko","OK","1913","2001","89","0"
"sverige","boraas","OK","1890","2012","123","0"
"sverige","bromma","OK","1756","2011","256","1"
"sverige","falsterbo","OK","1890","2012","123","0"
"sverige","falun","OK","1890","2012","123","0"
"sverige","goteborg","OK","1890","2012","123","0"
"sverige","halmstad","OK","1890","2012","123","0"
"sverige","haparanda","OK","1890","2012","123","0"
"sverige","harnosand","OK","1890","2012","123","0"
"sverige","hoburg","OK","1890","2012","123","0"
"sverige","hogarna","OK","1890","2012","123","0"
"sverige","holmogadd","OK","1890","2012","123","3"
"sverige","jokkmokk","OK","1890","2012","123","1"
"sverige","kalmar","OK","1890","2012","123","0"
"sverige","karesuando","OK","1890","2012","123","0"
"sverige","karlstad","OK","1890","2012","123","0"
"sverige","kvikkjokk","OK","1890","2012","123","0"
"sverige","landsort","OK","1890","2012","122","0"
"sverige","linkoping","OK","1931","2012","82","0"
"sverige","malung","OK","1961","2012","52","0"
"sverige","norraudde","OK","1890","2012","123","0"
"sverige","ostersund","OK","1890","2012","123","0"
"sverige","piteaa","OK","1890","2012","123","2"
"sverige","sandoen","OK","1890","2012","123","0"
"sverige","stensele","OK","1890","2012","123","3"
"sverige","stockholm_nasa","ERROR","NA","NA","NA","NA"
"sverige","stockholm_stasmod","OK","1756","2005","250","0"
"sverige","stockholm_stasserie","OK","1756","2004","249","0"
"sverige","stockholm","OK","1890","2012","123","0"
"sverige","sveg","OK","1890","2012","123","0"
"sverige","ternaby","OK","1901","2012","112","0"
"sverige","Tullinge_A","OK","1756","2011","256","1"
"sverige","uppsala","ERROR","NA","NA","NA","NA"
"sverige","veksjo","OK","1890","2012","123","0"
"sverige","vinga","OK","1890","1997","108","0"
"sverige","visby","OK","1890","2012","123","0"
"sydafrika","bloemfontein","OK","1959","2010","52","2"
"sydafrika","calvinia","OK","1941","2010","70","15"
"sydafrika","cape_town","OK","1901","1993","93","1"
"sydafrika","durban","OK","1959","2010","52","2"
"sydafrika","east_london","OK","1959","2010","52","2"
"sydafrika","johannesburg_jan_smuts","ERROR","NA","NA","NA","NA"
"sydafrika","kimberley","OK","1959","2010","52","3"
"sydafrika","pietersburg","OK","1959","2010","52","2"
"sydafrika","port_elisabeth","OK","1959","2010","52","2"
"sydafrika","pretoria","OK","1949","2010","62","2"
"sydafrika","upington","OK","1940","2010","71","2"
"syria","aleppo","OK","1960","2009","50","2"
"syria","damascus","OK","1960","2009","50","5"
"syria","lattakia","OK","1960","2009","50","8"
"syria","palmyra","OK","1960","2009","50","2"
"tanzania","dar_es_salam","OK","1950","2010","61","7"
"tanzania","tabora","OK","1950","2010","61","15"
"thailand","aranyaprathet","OK","1951","2012","62","5"
"thailand","bangkok","OK","1917","2012","96","2"
"thailand","chanthaburi","OK","1949","2012","64","1"
"thailand","chiang_mai","OK","1949","2012","64","10"
"thailand","chumphon","OK","1949","2012","64","1"
"thailand","nakhon_ratscha","OK","1949","2012","64","2"
"thailand","nakhon_sawan","OK","1939","2012","74","6"
"thailand","phitsanulok","OK","1949","2012","64","2"
"thailand","prachuap_khir","OK","1949","2012","64","3"
"thailand","songkhla","OK","1951","2012","62","4"
"thailand","udon_thani","OK","1949","2012","64","3"
"tsjekkia","brno","OK","1951","2010","60","1"
"tsjekkia","ostrava","OK","1950","2010","61","2"
"tsjekkia","praha3","OK","1881","2006","126","9"
"tsjekkia","praha_klementine","OK","1775","2005","231","0"
"tsjekkia","praha_ruzyne","OK","1881","2010","130","10"
"tsjekkia","praha","OK","1775","2005","231","1"
"tunis","gabes","OK","1949","2010","62","4"
"tunis","tunis","OK","1887","2010","124","18"
"turkmenistan","bajram_ali","ERROR","NA","NA","NA","NA"
"tyrkia","ankara","ERROR","NA","NA","NA","NA"
"tyrkia","balekesir","OK","1961","2010","50","4"
"tyrkia","bursa","OK","1949","2010","62","1"
"tyrkia","corum","OK","1961","2010","50","1"
"tyrkia","diyarbakir","OK","1960","2010","51","2"
"tyrkia","edirne","OK","1929","2010","82","1"
"tyrkia","erzincam","OK","1960","2007","48","2"
"tyrkia","erzinkam","OK","1960","2010","51","2"
"tyrkia","giresund","OK","1961","2010","50","1"
"tyrkia","isparta","OK","1960","2010","51","2"
"tyrkia","istanbul","ERROR","NA","NA","NA","NA"
"tyrkia","kars","OK","1961","2010","50","1"
"tyrkia","konya","OK","1960","2010","51","5"
"tyrkia","muglo","OK","1949","2010","62","1"
"tyrkia","nigde","OK","1961","2010","50","1"
"tyrkia","samsun","OK","1960","2007","48","2"
"tyrkia","sivas","OK","1960","2010","51","2"
"tyrkia","sumsun","OK","1960","2010","51","2"
"tyrkia","usak","OK","1961","2010","50","3"
"tyrkia","van","OK","1960","2010","51","5"
"tyskland","aachen_orsbach","ERROR","NA","NA","NA","NA"
"tyskland","aachen","OK","1891","2012","122","16"
"tyskland","augsburg","OK","1947","2012","66","0"
"tyskland","bamberg","OK","1879","2012","134","0"
"tyskland","berlin","OK","1701","2012","312","29"
"tyskland","bocken","ERROR","NA","NA","NA","NA"
"tyskland","borcken","ERROR","NA","NA","NA","NA"
"tyskland","bremen","OK","1890","2012","123","2"
"tyskland","brocken","OK","1947","2012","66","0"
"tyskland","dresden_klotzsche","OK","1917","2012","96","0"
"tyskland","dusseldorf","OK","1970","2012","43","0"
"tyskland","emden","OK","1994","2012","19","4"
"tyskland","erfurt_bindersleben","OK","1951","2012","61","0"
"tyskland","fehmarn","OK","1996","2012","17","1"
"tyskland","fichtelberg","OK","1949","2012","64","0"
"tyskland","frankfurt","OK","1757","2012","256","53"
"tyskland","fritzlar","OK","2000","2012","13","1"
"tyskland","gorlitz","OK","1947","2012","66","0"
"tyskland","greifswald","OK","1947","2012","66","27"
"tyskland","hamburg","OK","1891","2012","122","0"
"tyskland","hannover","OK","1856","2012","157","8"
"tyskland","helgoland","OK","1953","2012","60","0"
"tyskland","hof","OK","1947","2012","66","0"
"tyskland","hohenpeissenberg","OK","1781","2012","232","1"
"tyskland","kahler_asten","OK","1955","2012","58","0"
"tyskland","karlsruhe","OK","1876","2012","137","4"
"tyskland","kempten","OK","1952","2012","61","0"
"tyskland","koeln_bonn","OK","1957","2012","56","0"
"tyskland","konstanz","OK","1972","2012","41","1"
"tyskland","leipzig_schkeuditz","OK","1972","2012","41","1"
"tyskland","lindenberg","OK","1947","2012","66","0"
"tyskland","magdeburg","OK","1947","2012","66","0"
"tyskland","meiningen","OK","1979","2012","34","0"
"tyskland","munchen","OK","1781","2012","232","1"
"tyskland","munster_osna","OK","1989","2012","24","1"
"tyskland","neuruppin","OK","1961","2012","52","11"
"tyskland","nurburg_barweiler","OK","1995","2012","18","1"
"tyskland","nurnberg","OK","1955","2012","58","0"
"tyskland","oberstdorf","OK","1936","2012","77","0"
"tyskland","potsdam","OK","1893","2012","120","0"
"tyskland","rheinstetten","OK","1876","2012","137","0"
"tyskland","rostock_warnemunde","OK","1947","2012","66","0"
"tyskland","saarbrucken","OK","1951","2012","62","0"
"tyskland","schleswig","OK","1947","2012","66","0"
"tyskland","schwerin","OK","1890","2012","123","8"
"tyskland","straubing","OK","1951","2012","62","20"
"tyskland","stuttgart_1792","OK","1792","2005","214","28"
"tyskland","stuttgart","OK","1953","2012","60","0"
"tyskland","sylt","OK","1937","2012","73","0"
"tyskland","trier","OK","1938","2012","75","12"
"tyskland","westermarkelsdorf","OK","1948","2012","65","12"
"tyskland","wurzburg","OK","1947","2012","66","0"
"tyskland","zugspitze","OK","1951","2012","62","0"
"ukraina","ai_petri","OK","1895","2010","116","1"
"ukraina","kharkov","OK","1912","2012","101","2"
"ukraina","kiev","OK","1881","2011","131","1"
"ukraina","lvov","OK","1936","2011","76","1"
"ukraina","odessa","OK","1894","2011","118","1"
"ukraina","poltava","OK","1900","2011","112","1"
"ukraina","simferopol","OK","1960","2007","48","2"
"ukraina","uman","OK","1885","2011","127","1"
"ukraina","uzhgorod","OK","1946","2011","66","1"
"ungarn","budapest","ERROR","NA","NA","NA","NA"
"ungarn","debresen","ERROR","NA","NA","NA","NA"
"ungarn","pecs","OK","1951","2009","59","1"
"ungarn","szeged","OK","1951","2009","59","1"
"uruguay","rocha","OK","1951","2009","59","9"
"usa","abilene","OK","1886","2012","127","1"
"usa","albuquerque","OK","1893","2012","120","1"
"usa","amarillo","OK","1892","2012","121","4"
"usa","anchorage","OK","1916","2012","97","2"
"usa","annette_island","OK","1941","2012","72","1"
"usa","atlanta","OK","1881","2012","132","1"
"usa","barrow","OK","1901","2012","112","17"
"usa","barter_island","OK","1948","2012","65","16"
"usa","billings","OK","1894","2012","119","1"
"usa","bismarck","OK","1881","2012","132","1"
"usa","boise","OK","1881","2012","132","1"
"usa","boston","OK","1881","2012","132","1"
"usa","boulder","ERROR","NA","NA","NA","NA"
"usa","bozeman","OK","1895","2012","118","6"
"usa","buffalo","ERROR","NA","NA","NA","NA"
"usa","caribou","OK","1947","2012","66","2"
"usa","carlsbad","ERROR","NA","NA","NA","NA"
"usa","casper","OK","1947","2012","66","2"
"usa","charleston","OK","1949","2012","64","1"
"usa","charlotte","ERROR","NA","NA","NA","NA"
"usa","chattanooga","OK","1881","2012","132","1"
"usa","chicago2","OK","1881","1981","101","0"
"usa","chicago","OK","1873","2012","140","1"
"usa","cincinatti","OK","1881","2012","132","1"
"usa","claremore","OK","1916","2012","97","8"
"usa","coeur_dalene","ERROR","NA","NA","NA","NA"
"usa","columbia","OK","1889","2012","124","2"
"usa","columbus","OK","1881","2012","132","1"
"usa","concordia","ERROR","NA","NA","NA","NA"
"usa","concord","OK","1881","2012","132","1"
"usa","death_valley","OK","1911","2012","102","17"
"usa","denver","OK","1873","2005","133","3"
"usa","des_moines","OK","1881","2012","132","1"
"usa","detro2","OK","1881","2006","126","1"
"usa","detroit","OK","1881","2012","132","1"
"usa","dodge_city","OK","1881","2012","132","1"
"usa","duluth","OK","1904","2012","109","3"
"usa","eagles_pass2","ERROR","NA","NA","NA","NA"
"usa","eagles_pass","OK","1899","2012","114","6"
"usa","elko","ERROR","NA","NA","NA","NA"
"usa","fairbanks","OK","1929","2012","84","2"
"usa","fargo","OK","1881","2012","132","1"
"usa","flagstaff","OK","1891","2004","114","5"
"usa","fort_wayne","OK","1897","2012","116","2"
"usa","galveston","OK","1881","2012","132","1"
"usa","grand_canyon","OK","1907","2012","106","10"
"usa","grand_island","OK","1944","2012","69","2"
"usa","grand_junction","OK","1892","2012","121","1"
"usa","grand_rapids","OK","1887","2012","126","5"
"usa","green_bay","OK","1886","2012","127","2"
"usa","honolulu","OK","1898","2012","115","2"
"usa","huron","OK","1881","2012","132","2"
"usa","indianapolis","OK","1881","2012","132","1"
"usa","international_falls","OK","1947","2012","66","2"
"usa","jackson_allen","OK","1947","2012","66","2"
"usa","jacksonville","OK","1881","2012","132","1"
"usa","kansas2","ERROR","NA","NA","NA","NA"
"usa","kansas","ERROR","NA","NA","NA","NA"
"usa","king_salmon","ERROR","NA","NA","NA","NA"
"usa","knoxville","OK","1881","2012","132","1"
"usa","kotzebue","OK","1897","2012","116","31"
"usa","lander","OK","1892","2012","121","1"
"usa","las_vegas_St_Fe","OK","1875","1993","119","0"
"usa","las_vegas","OK","1937","2012","76","1"
"usa","lexington","OK","1887","2012","126","2"
"usa","lincoln","OK","1886","2004","119","3"
"usa","los_angeles","OK","1881","2012","132","7"
"usa","louisville","OK","1881","2012","132","4"
"usa","macon","OK","1881","2012","132","11"
"usa","madison","OK","1881","2012","132","1"
"usa","marquette","OK","1881","2012","132","3"
"usa","mcgrath","OK","1941","2012","72","2"
"usa","meridian_key","OK","1889","2012","124","2"
"usa","miami","OK","1895","2012","118","3"
"usa","milwaukee","OK","1881","2012","132","1"
"usa","minneapolis_old","OK","1819","2006","188","2"
"usa","minneapolis","ERROR","NA","NA","NA","NA"
"usa","mobile","OK","1881","2012","132","1"
"usa","montgomery","OK","1948","2012","65","1"
"usa","nashville","OK","1881","2012","132","1"
"usa","new_orleans_gml","OK","1874","2005","132","1"
"usa","new_orleans","ERROR","NA","NA","NA","NA"
"usa","new_york_gml","OK","1822","2007","187","2"
"usa","new_york_stamford","OK","1895","2012","118","12"
"usa","new_york","ERROR","NA","NA","NA","NA"
"usa","nome","OK","1917","2012","96","5"
"usa","nordfolk","OK","1948","2012","65","1"
"zimbabwe","bulawayo","OK","1897","1993","97","6"
"zimbabwe","harare","OK","1898","1993","96","4"
